datetime_generated,status,synth_data,generation,llm_params,messages,messages_template,data,llm_usage
2023-12-12 08:33:11,generated,"World War II began with the invasion of Poland by Nazi Germany. The key events leading up to the start of the war include:

1. Treaty of Versailles (1919): The harsh terms imposed on Germany after its defeat in World War I s","World War II began with the invasion of Poland by Nazi Germany. The key events leading up to the start of the war include:

1. Treaty of Versailles (1919): The harsh terms imposed on Germany after its defeat in World War I s","{""model"": ""gpt-4-1106-preview"", ""max_tokens"": 50, ""seed"": 33, ""temperature"": 0, ""timeout"": 30}","[{""role"": ""user"", ""content"": ""Describe how WW2 started.""}]","[{""role"": ""user"", ""content"": ""{user_message}""}]","{""user_message"": ""Describe how WW2 started."", ""expected_answer"": ""\""\""""}","{""expected_prompt_tokens"": 0, ""prompt_tokens"": 13, ""expected_completion_tokens"": 0, ""completion_tokens"": 50.0, ""expected_total_tokens"": 0, ""total_tokens"": 63.0, ""expected_total_cost"": 0.0, ""total_cost"": 0.00163, ""generation_time"": 2.875563859939575}"
2023-12-12 08:33:11,generated,"World War II began with the invasion of Poland by Nazi Germany. The key events leading up to the start of the war include:

1. Treaty of Versailles (1919): The harsh terms imposed on Germany after its defeat in World War I s","World War II began with the invasion of Poland by Nazi Germany. The key events leading up to the start of the war include:

1. Treaty of Versailles (1919): The harsh terms imposed on Germany after its defeat in World War I s","{""model"": ""gpt-4-1106-preview"", ""max_tokens"": 50, ""seed"": 33, ""temperature"": 0, ""timeout"": 30}","[{""role"": ""user"", ""content"": ""Describe how WW2 started.""}]","[{""role"": ""user"", ""content"": ""{user_message}""}]","{""user_message"": ""Describe how WW2 started."", ""expected_answer"": ""\""\""""}","{""expected_prompt_tokens"": 0, ""prompt_tokens"": 13, ""expected_completion_tokens"": 0, ""completion_tokens"": 50.0, ""expected_total_tokens"": 0, ""total_tokens"": 63.0, ""expected_total_cost"": 0.0, ""total_cost"": 0.00163, ""generation_time"": 2.875563859939575}"
2023-12-12 08:33:11,generated,"World War II began with the invasion of Poland by Nazi Germany. The key events leading up to the start of the war include:

1. Treaty of Versailles (1919): The harsh terms imposed on Germany after its defeat in World War I created","World War II began with the invasion of Poland by Nazi Germany. The key events leading up to the start of the war include:

1. Treaty of Versailles (1919): The harsh terms imposed on Germany after its defeat in World War I created","{""model"": ""gpt-4-1106-preview"", ""max_tokens"": 50, ""seed"": 33, ""temperature"": 0, ""timeout"": 30}","[{""role"": ""user"", ""content"": ""Describe how WW2 started.""}]","[{""role"": ""user"", ""content"": ""{user_message}""}]","{""user_message"": ""Describe how WW2 started."", ""expected_answer"": ""\""\""""}","{""expected_prompt_tokens"": 0, ""prompt_tokens"": 13, ""expected_completion_tokens"": 0, ""completion_tokens"": 50.0, ""expected_total_tokens"": 0, ""total_tokens"": 63.0, ""expected_total_cost"": 0.0, ""total_cost"": 0.00163, ""generation_time"": 2.875563859939575}"
